,Time,Model_I1,Model_I2,Model_I3,Model_O1,Model_O2,Model_O3
0,2019-09-17 00:00:00,0.7905099800300375,2.0439699483649747,2.9786889774756196,0.7771171939298317,2.009451788399147,2.9283854675364456
1,2019-09-17 00:15:00,0.7293449815751953,1.7459249558942247,2.7136312335856365,0.7434336724403421,1.7846300658331238,2.7671367126656126
2,2019-09-17 00:30:00,0.6681799831203532,1.4478799634234747,2.249713164010086,0.6554855820222585,1.4152125865101268,2.205397626387209
3,2019-09-17 00:45:00,0.6070149846655111,1.1498349709527245,1.9796135413441664,0.6204230385415734,1.1867280071593622,2.0273678798958716
4,2019-09-17 01:00:00,0.5458499862106689,0.8517899784819745,1.5206095191469124,0.5338189251177425,0.8208805982204092,1.4818164484081713
5,2019-09-17 01:15:00,0.5299724866117683,0.7485299810905415,1.4871361839595254,0.5419667990405871,0.7804118890810627,1.5255118512065555
6,2019-09-17 01:30:00,0.5140949870128677,0.6452699836991085,1.2822292747643975,0.5026744811880899,0.6159497977093173,1.248286155857029
7,2019-09-17 01:45:00,0.4982174874139671,0.5420099863076755,1.244409381492964,0.509616760576298,0.5723401250205613,1.2781313582613283
8,2019-09-17 02:00:00,0.4823399878150665,0.4387499889162426,1.0437388267295191,0.47149939956226544,0.4109394312420344,1.0142599696799037
9,2019-09-17 02:15:00,0.4818124878283922,0.4021824898400153,1.081566137747433,0.49238652179302617,0.42991211997784246,1.1096594249994438
10,2019-09-17 02:30:00,0.481284987841718,0.365614990763788,0.9674344632205398,0.47098860800251086,0.3392108591901193,0.9419802599128886
11,2019-09-17 02:45:00,0.4807574878550438,0.3290474916875607,1.0014089594136224,0.49080114333940794,0.3554053199949596,1.0256446098317327
12,2019-09-17 03:00:00,0.4802299878683696,0.2924799926113335,0.891032414058928,0.47045050803531197,0.26741190989301566,0.8692747111958163
13,2019-09-17 03:15:00,0.4801899878693801,0.2783624929679715,0.9437095990442741,0.48972162009028597,0.303037982767306,0.9640265403628698
14,2019-09-17 03:30:00,0.4801499878703906,0.2642449933246096,0.8600280627508123,0.47086126008277707,0.24043680642527127,0.8416389813818177
15,2019-09-17 03:45:00,0.4801099878714011,0.2501274936812477,0.9092479515784468,0.48916333949694984,0.27357461578265097,0.9263399904558663
16,2019-09-17 04:00:00,0.4800699878724116,0.2360099940378858,0.8289360535259479,0.4712473861662249,0.21339867100479504,0.8136332765431222
17,2019-09-17 04:15:00,0.4800349878732958,0.2335349941004095,0.8865375382642979,0.48863397433968625,0.25561856751903334,0.9004799073691049
18,2019-09-17 04:30:00,0.4799999878741799,0.2310599941629333,0.8214809513598995,0.47162011986487645,0.20958083503879418,0.8089904289745438
19,2019-09-17 04:45:00,0.4799649878750641,0.228584994225457,0.8759725038102919,0.48813249180746265,0.24956501549594984,0.887226377437224
20,2019-09-17 05:00:00,0.4799299878759483,0.2261099942879808,0.8139469982976937,0.47197063716282245,0.2057063645773413,0.8040256789182243
21,2019-09-17 05:15:00,0.4798924878768956,0.2255774943014329,0.8677990587611168,0.48765020344694077,0.24547635871628976,0.8765596112841152
22,2019-09-17 05:30:00,0.479854987877843,0.225044994314885,0.8110323387138474,0.47229505395673277,0.20566228811887202,0.8034523710401146
23,2019-09-17 05:45:00,0.4798174878787903,0.2245124943283371,0.862079716044246,0.4871859370100009,0.2434162823556462,0.8686055922215276
24,2019-09-17 06:00:00,0.4797799878797376,0.2239799943417892,0.8080465676628676,0.47259942799455174,0.2055671429493608,0.8025985041597671
25,2019-09-17 06:15:00,0.4797424878806849,0.223934994342926,0.857488948961534,0.486741203983884,0.2418852482329908,0.8619640305870855
26,2019-09-17 06:30:00,0.4797049878816323,0.2238899943440628,0.8071280435158528,0.4728847650228576,0.20639828172263164,0.8036168083337828
27,2019-09-17 06:45:00,0.4796674878825795,0.2238449943451996,0.8540399632210455,0.48631502418098504,0.2408974422439925,0.8566700136202043
28,2019-09-17 07:00:00,0.4796299878835269,0.2237999943463364,0.8061453606687483,0.4731520203198106,0.20718334352716583,0.8043907684946119
29,2019-09-17 07:15:00,0.4795874878846005,0.2237674943471574,0.850728383073047,0.4859015513094752,0.23996683491780085,0.8516856191801694
30,2019-09-17 07:30:00,0.4795449878856742,0.2237349943479784,0.8052517282855111,0.473392103380639,0.20794962803510206,0.80508674134505
31,2019-09-17 07:45:00,0.4795024878867478,0.2237024943487995,0.8475513338356586,0.4854997295677503,0.23909160737413954,0.8469977940089085
32,2019-09-17 08:00:00,0.4794599878878214,0.2236699943496205,0.804300200920933,0.47361587375611014,0.20867433024705487,0.8055701352139494
33,2019-09-17 08:15:00,0.4794174878888951,0.2236499943501257,0.8446055005740709,0.4851138059581614,0.23826919767824756,0.8426870679558472
34,2019-09-17 08:30:00,0.4793749878899687,0.2236299943506309,0.803643671979149,0.47382415001765216,0.2093845250039409,0.8062052626863576
35,2019-09-17 08:45:00,0.4793324878910424,0.2236099943511361,0.8418884857747457,0.48474298271158345,0.23749800608571264,0.8387459136765378
36,2019-09-17 09:00:00,0.479289987892116,0.2235899943516414,0.8029349003796739,0.47401770966073475,0.21005719372159526,0.8066557062152563
37,2019-09-17 09:15:00,0.4792474878931896,0.2235774943519572,0.8393697623799117,0.4843865020909889,0.236770763275222,0.8351279061545438
38,2019-09-17 09:30:00,0.4792049878942633,0.223564994352273,0.8024714986068245,0.4741972911660632,0.2107092104107032,0.8072290319656137
39,2019-09-17 09:45:00,0.479162487895337,0.2235524943525887,0.8370470376593734,0.48404364438263525,0.23608589623032272,0.8318261158626101
40,2019-09-17 10:00:00,0.4791199878964106,0.2235399943529046,0.8019609545780492,0.4743635959573413,0.21132736155793533,0.8076421483609553
41,2019-09-17 10:15:00,0.5076324871761242,0.2235274943532203,0.8640489816004736,0.5117849476964018,0.235434036855446,0.8574631718194169
42,2019-09-17 10:30:00,0.5361449864558377,0.2235149943535361,0.8609183328199957,0.5316149946098737,0.21191334117564306,0.8673901825997934
43,2019-09-17 10:45:00,0.5646574857355513,0.2235024943538518,0.9213528307244816,0.5685892996536914,0.23481353405045824,0.9140243180820223
44,2019-09-17 11:00:00,0.5931699850152649,0.2234899943541676,0.9198337880385323,0.5888550324935655,0.21246875853878147,0.9270023102665588
45,2019-09-17 11:15:00,0.564582485737446,0.2234574943549886,0.9211552649225923,0.5692721108328209,0.23420315706261843,0.914146016731478
46,2019-09-17 11:30:00,0.5359949864596271,0.2234249943558096,0.8617140144427199,0.531908866688294,0.21295515070630547,0.8695495385135419
47,2019-09-17 11:45:00,0.5074074871818082,0.2233924943566306,0.8614948236175269,0.5118740948387468,0.23360073170969217,0.8538614883676499
48,2019-09-17 12:00:00,0.4788199879039893,0.2233599943574516,0.8035551764049987,0.47495121804330975,0.21341396127163328,0.8119736195676842
49,2019-09-17 12:15:00,0.4787874879048102,0.2239474943426102,0.8317882074772022,0.4825584915800681,0.23363471881730963,0.823106223976425
50,2019-09-17 12:30:00,0.4787549879056312,0.2245349943277687,0.8061666773372178,0.4750803671172068,0.21508631315041762,0.815061422739577
51,2019-09-17 12:45:00,0.4787224879064522,0.2251224943129272,0.8330342552294744,0.4823042764073095,0.23432498176280264,0.8239110945390277
52,2019-09-17 13:00:00,0.4786899879072732,0.2257099942980857,0.8087435578732458,0.475199773780223,0.2167337870438916,0.8180458298550091
53,2019-09-17 13:15:00,1.6444299584582038,1.5642824604829002,3.3223128892792397,1.628081559529004,1.5504288333829928,3.2707975982816047
54,2019-09-17 13:30:00,2.810169929009134,2.9028549266677146,5.87092146821789,2.8063529506608043,2.89377352187173,5.8780913918711555
55,2019-09-17 13:45:00,3.975909899560065,4.241427392852529,8.38538046589865,3.959879960814059,4.227713010081125,8.335928482706702
56,2019-09-17 14:00:00,5.141649870110996,5.579999859037343,10.933121967737613,5.137522524587573,5.570819448828461,10.938295493712456
57,2019-09-17 14:15:00,5.054709872307285,4.938997375230429,10.269957128725704,5.060205263570574,4.958846871493523,10.276114053529275
58,2019-09-17 14:30:00,4.967769874503574,4.297994891423514,9.530458132108109,4.963887070969637,4.289541068136837,9.536945685396494
59,2019-09-17 14:45:00,4.880829876699863,3.656992407616599,8.86535807538569,4.886086940503478,3.676116142540549,8.87026694099923
60,2019-09-17 15:00:00,4.793889878896152,3.015989923809684,8.127745234893421,4.790239346221524,3.008225896990209,8.135417378875584
61,2019-09-17 15:15:00,6.365412339196155,5.49264986124399,12.489441145120157,6.342345435151567,5.458433227365667,12.40830389230323
62,2019-09-17 15:30:00,7.936934799496158,7.969309798678296,16.941745457995722,7.932790839827875,7.960909644643693,16.94563773193096
63,2019-09-17 15:45:00,9.50845725979616,10.445969736112602,21.305739747773945,9.485871243316854,10.4124410400117,21.228247799879036
64,2019-09-17 16:00:00,11.079979720096164,12.922629673546908,25.755803982112415,11.075367093627287,12.9136269331185,25.756181122910753
65,2019-09-17 16:15:00,10.384102237675508,11.195099717187986,23.415007919721518,10.400387170159005,11.233225794564332,23.454171233176552
66,2019-09-17 16:30:00,9.68822475525485,9.467569760829065,20.939860335782406,9.684143197104154,9.459737184048523,20.943488898298618
67,2019-09-17 16:45:00,8.992347272834195,7.740039804470143,18.595657568554763,9.00811463300444,7.776977981289039,18.631709356098707
68,2019-09-17 17:00:00,8.29646979041354,6.012509848111222,16.123830306633224,8.292892651544271,6.005787701196122,16.130435501868742
69,2019-09-17 17:15:00,7.567659808824828,5.43965986258263,14.683309320589906,7.583493509473563,5.455968352643423,14.701198679517985
70,2019-09-17 17:30:00,6.838849827236118,4.866809877054038,13.158974217753613,6.835765974779907,4.8606632799207,13.167280696290662
71,2019-09-17 17:45:00,6.110039845647407,4.293959891525446,11.716326963878432,6.1253927957388905,4.309691700506449,11.732594043898859
72,2019-09-17 18:00:00,5.381229864058696,3.721109905996855,10.19406418776515,5.378614544876823,3.7155096706751505,10.2039168530786
73,2019-09-17 18:15:00,5.10023237115729,3.165272420038491,9.265995542936475,5.107541874846995,3.180168692803038,9.272065502015604
74,2019-09-17 18:30:00,4.819234878255884,2.6094349340801277,8.277848044348811,4.81687177795769,2.604346288031416,8.288619487062958
75,2019-09-17 18:45:00,4.538237385354478,2.053597448121764,7.348255907886307,4.54530107978273,2.0679798466706067,7.3534560921863
76,2019-09-17 19:00:00,4.257239892453072,1.4977599621634,6.361593267838664,4.25511635468142,1.49315692865101,6.373187376458295
77,2019-09-17 19:15:00,3.925757400827024,1.3220874666012603,5.810481580080278,3.93344293539398,1.3295611585167426,5.808488235090644
78,2019-09-17 19:30:00,3.594274909200976,1.146414971039121,5.21615108914275,3.5924006487521756,1.1421154525576982,5.228130875015846
79,2019-09-17 19:45:00,3.262792417574928,0.9707424754769816,4.663943022113093,3.2702350096875654,0.9779155229293303,4.661592285167836
80,2019-09-17 20:00:00,2.93130992594888,0.7950699799148422,4.070681097308427,2.929672434073472,0.7910586720754358,4.0829911760568525
81,2019-09-17 20:15:00,2.7431999307009383,0.7177074818691833,3.815357313632455,2.7479827605541534,0.7229345617795879,3.8076709276720333
82,2019-09-17 20:30:00,2.555089935452997,0.6403449838235244,3.529112233447699,2.5536156027996952,0.6365666392100956,3.5414379604241777
83,2019-09-17 20:45:00,2.366979940205056,0.5629824857778657,3.2730041308457403,2.371603757190956,0.5679803820776822,3.265315738476331
84,2019-09-17 21:00:00,2.178869944957114,0.4856199877322068,2.9875234752819675,2.177550584187384,0.4820628993782868,2.9998382483899637
85,2019-09-17 21:15:00,3.657004907616283,3.2211374186272224,7.337992409445222,3.6332482405587068,3.17841418218273,7.252519732155076
86,2019-09-17 21:30:00,5.135139870275452,5.956654849522238,11.810143421391194,5.133250311687789,5.952143128012131,11.81792612898789
87,2019-09-17 21:45:00,6.613274832934621,8.692172280417253,16.16369836877896,6.590073873294597,8.650454518805597,16.08259083608141
88,2019-09-17 22:00:00,8.09140979559379,11.427689711312269,20.632841632931267,8.088978651745347,11.422273009519666,20.6364205667318
89,2019-09-17 22:15:00,6.88232982613772,9.09539227023106,17.018261686732757,6.9051833683523975,9.14021584295693,17.07581572419056
90,2019-09-17 22:30:00,5.67324985668165,6.76309482914985,13.254515066452306,5.671461270929769,6.7589188163419385,13.261980378825681
91,2019-09-17 22:45:00,4.46416988722558,4.43079738806864,9.636152418674143,4.4863972006311705,4.474347735105201,9.689982407663027
92,2019-09-17 23:00:00,3.25508991776951,2.098499946987431,5.876092574633293,3.253911646514369,2.0955009414239796,5.887125337437826
93,2019-09-17 23:15:00,3.008139924007992,1.8663174528528543,5.359294873353907,3.013472068110428,1.8731903171831799,5.357269166521252
94,2019-09-17 23:30:00,2.761189930246473,1.6341349587182776,4.810144937702467,2.760177107757022,1.631382840519791,4.821393265361997
95,2019-09-17 23:45:00,2.514239936484955,1.401952464583701,4.29252665495288,2.5194108363605157,1.408578327801356,4.290304701707609
96,2019-09-18 00:00:00,2.2672899427234365,1.1697699704491242,3.744176487507389,2.2664342667717206,1.1672522285793054,3.755602583996491
97,2019-09-18 00:15:00,2.1107849466770854,1.0546624733569845,3.4718667609578127,2.114270378306389,1.0590763901926727,3.465328819722106
98,2019-09-18 00:30:00,1.9542799506307345,0.9395549762648444,3.177295834376636,1.9535345949660594,0.937211246649439,3.188642813935407
99,2019-09-18 00:45:00,1.7977749545843835,0.8244474791727043,2.904421497400968,1.8011528694889873,0.828688634848455,2.8979702039581343
100,2019-09-18 01:00:00,1.6412699585380324,0.7093399820805644,2.610400861006763,1.6406293872824653,0.7071614803583847,2.6216540945170586
101,2019-09-18 01:15:00,1.5470724609176614,0.647502483642711,2.45370246372517,1.549292643332654,0.6506798268022754,2.4453805853065718
102,2019-09-18 01:30:00,1.4528749632972904,0.5856649852048577,2.280778394184093,1.4523070921902914,0.5836213081792332,2.291809772712068
103,2019-09-18 01:45:00,1.3586774656769192,0.5238274867670042,2.123668514123578,1.3608267954675315,0.52687172461715,2.1155698197624835
104,2019-09-18 02:00:00,1.2644799680565482,0.4619899883291508,1.951145492140688,1.2639811490007549,0.46007434887670934,1.9619525674316567
105,2019-09-18 02:15:00,1.2205949691651763,0.4451099887555754,1.8916931070528638,1.2218246095292122,0.4472685031470006,1.8821638134980625
106,2019-09-18 02:30:00,1.1767099702738049,0.428229989182,1.8207823944461317,1.1762550764457964,0.42641732351025746,1.8312678208460773
107,2019-09-18 02:45:00,1.1328249713824332,0.4113499896084246,1.7610394731615648,1.1340118027876658,0.41340767577039417,1.751828587101356
108,2019-09-18 03:00:00,1.0889399724910616,0.3944699900348493,1.6904119299292648,1.0885267997205468,0.3927551354917861,1.7005822325303943
109,2019-09-18 03:15:00,2.5349324359622187,2.816169928857561,5.919856713957856,2.510837166642161,2.776949563283126,5.8385180159798935
110,2019-09-18 03:30:00,3.980924899433376,5.237869867680274,10.270158011793303,3.9799098950702727,5.235238143374824,10.275969234671134
111,2019-09-18 03:45:00,5.426917362904533,7.659569806502986,14.502668095769723,5.403408630869608,7.621309502236272,14.425526288422699
112,2019-09-18 04:00:00,6.87290982637569,10.0812697453257,18.849981839459673,6.87132319036166,10.077768697118536,18.85175293931726
113,2019-09-18 04:15:00,5.701332355972227,7.968404798701158,15.232034496762088,5.722727486048794,8.007637048648668,15.291407440575712
114,2019-09-18 04:30:00,4.529754885568764,5.8555398520766175,11.484294593273903,4.528752283694526,5.853092337429605,11.489716757021995
115,2019-09-18 04:45:00,3.3581774151653008,3.742674905452077,7.863055697672393,3.3790033531240113,3.780822362313466,7.918925652356126
116,2019-09-18 05:00:00,2.186599944761838,1.6298099588275363,4.118523872767797,2.186152070162868,1.628361810284868,4.1273061115688465
117,2019-09-18 05:15:00,2.0255624488299877,1.480727462593677,3.8058111768683736,2.0287272319542504,1.4846789523008956,3.8025324372528635
118,2019-09-18 05:30:00,1.8645249528981367,1.3316449663598178,3.4753004349292325,1.8641688865369426,1.3303315554858948,3.484077718484622
119,2019-09-18 05:45:00,1.703487456966286,1.1825624701259585,3.162136304739345,1.7065627649695994,1.1863785465701835,3.1588700185776357
120,2019-09-18 06:00:00,1.542449961034435,1.033479973892099,2.8320655467651568,1.5421810959687108,1.032294457303717,2.8408232619718166
121,2019-09-18 06:15:00,1.523829961504816,0.9562149758439772,2.734399416161048,1.524407453151579,0.9586894693579041,2.7275129150806787
122,2019-09-18 06:30:00,1.5052099619751966,0.8789499777958552,2.6278337150923585,1.5049626053180336,0.8778561159639243,2.6363454298409477
123,2019-09-18 06:45:00,1.4865899624455774,0.8016849797477332,2.5299420074552423,1.4871464922755788,0.8040680212104276,2.523299084722659
124,2019-09-18 07:00:00,1.4679699629159582,0.7244199816996113,2.423596165719168,1.4677430353742589,0.7234131362168376,2.43186675943347
125,2019-09-18 07:15:00,1.4317124638319,0.7756099804064431,2.4377846598356236,1.432547897469504,0.7757367681637776,2.429483961865449
126,2019-09-18 07:30:00,1.3954549647478416,0.826799979113275,2.447637581657243,1.3952550349222907,0.8258225524583395,2.4555616146168937
127,2019-09-18 07:45:00,1.359197465663783,0.8779899778201069,2.4617160779402303,1.3600065876764584,0.8780894959128882,2.4537550193721938
128,2019-09-18 08:00:00,1.3229399665797248,0.9291799765269388,2.4716762068324103,1.322765679723475,0.9282305326837812,2.4792673935426395
129,2019-09-18 08:15:00,1.2371274687475309,0.826332479125085,2.2823136346338555,1.2387511581126125,0.8290074819413586,2.2781126632543485
130,2019-09-18 08:30:00,1.1513149709153367,0.7234849817232314,2.082242311589273,1.151186375912866,0.7226259409417918,2.0897156301163715
131,2019-09-18 08:45:00,1.0655024730831428,0.6206374843213778,1.8926081800972063,1.0670816317585794,0.6232215534492812,1.8885266771386091
132,2019-09-18 09:00:00,0.9796899752509488,0.517789986919524,1.6928015299577368,0.9796047792825786,0.517016755631082,1.7001539366588565
133,2019-09-18 09:15:00,0.9377749763098108,0.4779649879255881,1.6098189135527936,0.9385681293088011,0.4793982890905945,1.6040541498383085
134,2019-09-18 09:30:00,0.8958599773686727,0.4381399889316523,1.5207442048377853,0.8957971028259739,0.43742210674909154,1.5278672133212121
135,2019-09-18 09:45:00,0.8539449784275347,0.3983149899377164,1.437607124471433,0.8547163772538049,0.39969325184558635,1.4320685564839004
136,2019-09-18 10:00:00,0.8120299794863967,0.3584899909437806,1.3486829633022526,0.8119883062790294,0.35782466154185966,1.3555829635645738
137,2019-09-18 10:15:00,0.801947479741102,0.3512924911256048,1.3304663392521392,0.8021589111872083,0.3520674325171281,1.3240487664898004
138,2019-09-18 10:30:00,0.7918649799958073,0.3440949913074289,1.3089057822534724,0.7918297389206786,0.3434660477185515,1.3155248973872917
139,2019-09-18 10:45:00,0.7817824802505127,0.3368974914892531,1.2906044100885112,0.7819876430237422,0.3376367713840873,1.2844620383653746
140,2019-09-18 11:00:00,0.771699980505218,0.3296999916710773,1.269126453358889,0.7716708487975864,0.3291056088141816,1.2754759438275378
141,2019-09-18 11:15:00,1.5708274603175594,1.2607124681517234,3.046473123138445,1.5573170682919044,1.2455735609999519,3.010268997272907
142,2019-09-18 11:30:00,2.369954940129901,2.191724944632369,4.879173093123081,2.3695832100230807,2.1907748911539446,4.883509832436543
143,2019-09-18 11:45:00,3.1690824199422423,3.1227374211130154,6.65792411867074,3.1559059198847477,3.10797070874047,6.623658041063367
144,2019-09-18 12:00:00,3.968209899754584,4.053749897593661,8.489255362563613,3.9675127628546614,4.052462611563961,8.491726262457398
145,2019-09-18 12:15:00,8.819112277210479,11.8202722013948,22.187093349474516,8.737607918261038,11.690422975651137,21.953358664699937
146,2019-09-18 12:30:00,13.670014654666376,19.58679450519594,36.29846592041825,13.667263969042969,19.58235702839558,36.2879696403499
147,2019-09-18 12:45:00,18.520917032122277,27.35331680899708,50.00679240415998,18.44141403519502,27.22675097856791,49.78551929093555
148,2019-09-18 13:00:00,23.37181940957817,35.11983911279822,64.107942499151,23.367118222416597,35.11241441892,64.08547295551436
149,2019-09-18 13:15:00,21.95232694543757,32.25079418527639,59.553451768309785,21.980957641941025,32.30696425938724,59.65226745822048
150,2019-09-18 13:30:00,20.53283448129696,29.381749257754564,54.80752641581503,20.528980355145723,29.375896184520666,54.79136214371292
151,2019-09-18 13:45:00,19.11334201715636,26.512704330232737,50.24818097352032,19.141147178956317,26.567263909248243,50.34093310056944
152,2019-09-18 14:00:00,17.693849553015752,23.64365940271091,45.50698721850078,17.690799982307823,23.63929734171008,45.49665300260418
153,2019-09-18 14:15:00,14.481347134170392,18.834607024197798,36.67120733954225,14.538745284219564,18.920397136466278,36.830496674055986
154,2019-09-18 14:30:00,11.26884471532503,14.02555464568468,27.537981588239447,11.267331298647024,14.023410346362482,27.536967432791165
155,2019-09-18 14:45:00,8.05634229647967,9.216502267171563,18.694657202904395,8.11224333068223,9.299998904618688,18.844989980104845
156,2019-09-18 15:00:00,4.843839877634309,4.407449888658448,9.568784596382534,4.843785530694439,4.407409073711093,9.576375934942773
157,2019-09-18 15:15:00,5.834257352614259,6.0760323465065085,12.506594568426564,5.817530708152579,6.047953876469785,12.449582378015322
158,2019-09-18 15:30:00,6.824674827594208,7.744614804354569,15.532713393344071,6.824196788632448,7.743886629080226,15.537176872056815
159,2019-09-18 15:45:00,7.815092302574158,9.41319726220263,18.472763053276744,7.798778582876335,9.385834502941815,18.41876166529008
160,2019-09-18 16:00:00,8.805509777554107,11.08177972005069,21.496698993374693,8.804629307458889,11.080399726630013,21.498264802542888
161,2019-09-18 16:15:00,8.367347288623023,9.913849749555084,19.8143241952051,8.37562871344077,9.935070519749091,19.84120966328255
162,2019-09-18 16:30:00,7.929184799691939,8.745919779059477,18.06921341066573,7.928537160241381,8.745096285679661,18.072480082838624
163,2019-09-18 16:45:00,7.4910223107608545,7.577989808563871,16.385247933541773,7.499076821844099,7.598636144223544,16.410502487442606
164,2019-09-18 17:00:00,7.05285982182977,6.410059838068264,14.641687496003573,7.052433329569612,6.409764196230385,14.646517586566004
165,2019-09-18 17:15:00,6.391634838533719,5.526567360387162,12.96603907203652,6.403252937616652,5.54186366021054,12.989629354850653
166,2019-09-18 17:30:00,5.730409855237667,4.64307488270606,11.23580652561177,5.730289451400673,4.643162095996015,11.242033649652393
167,2019-09-18 17:45:00,5.069184871941617,3.7595824050249576,9.558773460901268,5.080504661206746,3.774481317473691,9.581025483013388
168,2019-09-18 18:00:00,4.407959888645565,2.8760899273438554,7.829890430814993,4.408130213698211,2.876540230890198,7.837399124769968
169,2019-09-18 18:15:00,7.0666323214818485,4.013519898609957,11.938257437025047,7.021423210819386,3.993911749520644,11.861557662162443
170,2019-09-18 18:30:00,9.725304754318133,5.150949869876058,16.175854478043306,9.724321854697022,5.1509076562028335,16.179047616812827
171,2019-09-18 18:45:00,12.383977187154416,6.288379841142159,20.287502380011627,12.339891994341436,6.26928292806831,20.214953432853417
172,2019-09-18 19:00:00,15.042649619990698,7.425809812408261,24.521901820926697,15.040571364571944,7.425300508294439,24.521103279964702
173,2019-09-18 19:15:00,16.07378959394191,8.80213977763924,27.18222776854032,16.0583455056764,8.779494822088127,27.138079023001623
174,2019-09-18 19:30:00,17.104929567893123,10.17846974287022,29.912675159500246,17.102511647426066,10.177418578582909,29.909594286967575
175,2019-09-18 19:45:00,18.136069541844336,11.5547997081012,32.57477954658526,18.120956486741157,11.532720633637359,32.53282528333761
176,2019-09-18 20:00:00,19.167209515795548,12.93112967333218,35.30349360345693,19.164468974690564,12.929564709844149,35.298303110810195
177,2019-09-18 20:15:00,17.34738706176813,11.001327222083091,31.25689922821102,17.380889311466582,11.035619988498725,31.330296321786435
178,2019-09-18 20:30:00,15.527564607740716,9.071524770834005,27.067906721294285,15.525745102341482,9.0708416813836,27.067111777517468
179,2019-09-18 20:45:00,13.7077421537133,7.141722319584914,23.017699345491174,13.740346773927007,7.175102624671471,23.08687325257412
180,2019-09-18 21:00:00,11.887919699685884,5.211919868335825,18.832228167939583,11.88697501237118,5.212073199352214,18.8354899626353
181,2019-09-18 21:15:00,15.196477116104688,7.780697303443048,24.71961763465663,15.141344358616777,7.737238322548309,24.61701339863536
182,2019-09-18 21:30:00,18.505034532523496,10.34947473855027,30.80016123904964,18.502712767275533,10.348558521007206,30.79747931803322
183,2019-09-18 21:45:00,21.813591948942303,12.918252173657493,36.6924523208306,21.759801273794924,12.875906098993427,36.595558458574416
184,2019-09-18 22:00:00,25.122149365361107,15.487029608764711,42.76821869730124,25.118519624024593,15.485099127959042,42.760051732892435
185,2019-09-18 22:15:00,28.68621427532525,16.467314584000633,47.02637816769356,28.629369539782214,16.452853677024834,46.96242729458095
186,2019-09-18 22:30:00,32.2502791852894,17.44759955923655,51.41437215520949,32.24529709473643,17.445365104017643,51.40259946975607
187,2019-09-18 22:45:00,35.814344095253546,18.42788453447247,55.675829090753496,35.75881734176353,18.41374678696562,55.61533691269153
188,2019-09-18 23:00:00,39.37840900521769,19.408169509708387,60.060609360443436,39.37214242640463,19.40564696644557,60.04551986720624
189,2019-09-18 23:15:00,36.7794390708732,17.353367061617064,55.46663844831549,36.829578034429325,17.390792945369533,55.55892777056063
190,2019-09-18 23:30:00,34.1804691365287,15.29856461352574,50.68237681207051,34.17563598812683,15.29702585450365,50.673220999198534
191,2019-09-18 23:45:00,31.581499202184208,13.243762165434418,46.08357646433741,31.630241163003756,13.280172830970237,46.17016397499955
192,2019-09-19 00:00:00,28.982529267839716,11.188959717343096,41.30402169594569,28.979057620233952,11.188354104424919,41.3003437694056
193,2019-09-19 00:15:00,33.082576664263804,14.926167122933292,49.34841733280936,33.01649726037035,14.863797609526912,49.21614992975746
194,2019-09-19 00:30:00,37.18262406068789,18.66337452852349,57.638451899788684,37.17756136620855,18.661255579042738,57.6273682811659
195,2019-09-19 00:45:00,41.28267145711198,22.40058193411369,65.68908003141863,41.2181426669205,22.33978991833543,65.56392546851791
196,2019-09-19 01:00:00,45.38271885353607,26.13778933970389,73.97304023854346,45.376144951000775,26.134235349754718,73.95512654271171
197,2019-09-19 01:15:00,52.54313117264884,30.137481738663155,85.43020715451496,52.42822661531542,30.073758113172673,85.25418069853323
198,2019-09-19 01:30:00,59.70354349176159,34.137174137622424,97.22015229955386,59.69421658928108,34.132150796007,97.19261344534779
199,2019-09-19 01:45:00,66.86395581087436,38.13686653658169,108.68576643111601,66.75173429167606,38.07468473693528,108.5189786569489
200,2019-09-19 02:00:00,74.02436812998712,42.13655893554096,120.46747878450424,74.01242637324661,42.13014252051404,120.43107431378469
201,2019-09-19 02:15:00,87.47354279023239,55.13265360723199,148.9152478890368,87.25732573292143,54.92000982632936,148.47030987797288
202,2019-09-19 02:30:00,100.92271745047763,68.12874827892301,178.1737852161213,100.90558445869543,68.11728598859744,178.11333980175385
203,2019-09-19 02:45:00,114.37189211072292,81.12484295061404,206.64212522642214,114.16073436393228,80.91747365461899,206.2202717635731
204,2019-09-19 03:00:00,127.8210667709682,94.12093762230506,235.88061357649286,127.79900304059771,94.10469088898184,235.79800696798873
205,2019-09-19 03:15:00,142.5770688982002,100.1705024694802,256.7649604781628,142.34857637068666,100.08546446950564,256.49278380332976
206,2019-09-19 03:30:00,157.33307102543222,106.22006731665532,278.19284190329233,157.30576133335043,106.20216094091417,278.0962540586834
207,2019-09-19 03:45:00,172.08907315266424,112.26963216383048,299.0909905714193,171.86569327157522,112.18637767975916,298.8322078826682
208,2019-09-19 04:00:00,186.84507527989624,118.3191970110056,320.505420693797,186.81278286874388,118.29971821391098,320.39600531852415
209,2019-09-19 04:15:00,176.47138304195778,106.98537729732196,298.93432355137116,176.67860545611148,107.19738847566511,299.40525566824397
210,2019-09-19 04:30:00,166.0976908040193,95.65155758363836,276.4330121972275,166.07148516767847,95.63778740150198,276.35400728584955
211,2019-09-19 04:45:00,155.7239985660808,84.31773786995473,254.8383127262608,155.92528888823875,84.52387420152253,255.28000331953558
212,2019-09-19 05:00:00,145.35030632814232,72.9839181562711,232.36000483715688,145.32988203192588,72.97556316027905,232.3091122338169
213,2019-09-19 05:15:00,137.07588653717175,71.74241318763416,222.61616746685985,137.23597665647353,71.77252365414489,222.8303228709866
214,2019-09-19 05:30:00,128.8014667462012,70.50090821899721,212.43991511267413,128.78562985118674,70.49351059395654,212.40303916544445
215,2019-09-19 05:45:00,120.52704695523062,69.25940325036026,202.68509497978664,120.68266625266138,69.28854654830494,202.88577426829565
216,2019-09-19 06:00:00,112.25262716426003,68.01789828172332,192.5195464402887,112.24114747440866,68.0114092757703,192.4956244718125
217,2019-09-19 06:15:00,101.29239744113876,61.06479095737359,173.97993636755243,101.4892731391965,61.189471013848056,174.3163456175583
218,2019-09-19 06:30:00,90.33216771801744,54.11168363302386,154.76979970414902,90.32598295020422,54.10842201503882,154.76632925948888
219,2019-09-19 06:45:00,79.37193799489614,47.15857630867413,136.2131706305828,79.56365333042808,47.27992003685067,136.52993384222034
220,2019-09-19 07:00:00,68.41170827177484,40.20546898432439,117.01962099842484,68.41055272652729,40.20526848419541,117.03501880602045
221,2019-09-19 07:15:00,66.5656658184098,38.27131903318513,114.00087667236696,66.59806756975001,38.30472933245378,114.03684887420097
222,2019-09-19 07:30:00,64.71962336504475,36.33716908204588,110.84947383959661,64.71932060921161,36.337793477760826,110.86763314224616
223,2019-09-19 07:45:00,62.87358091167971,34.403019130906614,107.827363665024,62.90515154548792,34.435572384450886,107.86070116696054
224,2019-09-19 08:00:00,61.027538458314666,32.46886917976735,104.6792412813052,61.02804569887727,32.47027586488173,104.6999131428422
225,2019-09-19 08:15:00,60.26259597763874,39.45884650318567,112.2904862728796,60.27506125017306,39.33987534291786,112.14180086572634
226,2019-09-19 08:30:00,59.49765349696281,46.448823826603984,120.11592125750639,59.49846462622085,46.4472769892544,120.12868581277687
227,2019-09-19 08:45:00,58.732711016286885,53.4388011500223,127.73259012832597,58.74488012282959,53.32290040122275,127.59152012450505
228,2019-09-19 09:00:00,57.96776853561096,60.428778473440616,135.55273858106258,57.96886830441337,60.42443071013314,135.5581699220415
229,2019-09-19 09:15:00,57.824073539241,57.830921039068016,132.49955269560607,57.82543619324377,57.87985942662093,132.54582053872198
230,2019-09-19 09:30:00,57.68037854287104,55.23306360469542,129.34058962331528,57.681484992358094,55.230030045990546,129.34884176664025
231,2019-09-19 09:45:00,57.53668354650108,52.63520617032282,126.28472417939656,57.53803968959502,52.6827923956096,126.32828792774698
232,2019-09-19 10:00:00,57.39298855013112,50.03734873595022,123.12837278671691,57.3941013450657,50.03556183823399,123.1392164199531
233,2019-09-19 10:15:00,63.90445088563774,56.12039608227951,136.62614610639645,63.7930494551076,56.02009457602101,136.3876294363803
234,2019-09-19 10:30:00,70.41591322114436,62.20344342860881,150.54070565118695,70.41416669932215,62.19924440474635,150.538193959964
235,2019-09-19 10:45:00,76.92737555665099,68.2864907749381,164.04905492312028,76.81876077924525,68.18870712490602,163.82337665986032
236,2019-09-19 11:00:00,83.43883789215761,74.3695381212674,177.95330688117542,83.43437553424714,74.36305185610864,177.93845607438982
237,2019-09-19 11:15:00,88.28743526967173,78.48133051739478,188.44503461225437,88.209639497624,78.419233165753,188.2823270013069
238,2019-09-19 11:30:00,93.13603264718586,82.59312291352217,199.19143538861863,93.12970667195049,82.58528430973303,199.16853824917706
239,2019-09-19 11:45:00,97.98463002469998,86.70491530964955,209.6896261843873,97.90865050999024,86.64424880940422,209.53465193182825
240,2019-09-19 12:00:00,102.8332274022141,90.81670770577692,220.42972791542286,102.82513132607134,90.8075872663009,220.3993996937627
241,2019-09-19 12:15:00,114.06787711840298,100.04402497267527,240.09946796738222,113.88543049693429,99.89833063523862,239.7968492463761
242,2019-09-19 12:30:00,125.30252683459184,109.27134223957364,260.38329303127375,125.28999999928286,109.2588886846229,260.3356966813698
243,2019-09-19 12:45:00,136.5371765507807,118.498659506472,280.0686168683551,136.35904808988124,118.35646691894712,279.78256566861546
244,2019-09-19 13:00:00,147.77182626696958,127.72597677337036,300.33725362163887,147.7550910082275,127.71036324172584,300.2737659311824
245,2019-09-19 13:15:00,147.34472877775897,119.2784669867724,289.7510154096543,147.36827461175238,119.4380963775324,289.99167314458464
246,2019-09-19 13:30:00,146.91763128854836,110.83095720017444,278.7390761894045,146.90191969061866,110.8196670297323,278.6904821749509
247,2019-09-19 13:45:00,146.49053379933775,102.3834474135765,268.14204778475033,146.51308198674502,102.53863128026774,268.36837134849526
248,2019-09-19 14:00:00,146.06343631012714,93.93593762697856,257.1406252590171,146.0486970056552,93.92874868694028,257.1058247029241
249,2019-09-19 14:15:00,129.3516617323021,79.82724298339417,224.5680315585974,129.64915663429235,80.07380279932318,225.1520300733042
250,2019-09-19 14:30:00,112.63988715447704,65.71854833980979,190.87764113706498,112.63308263776099,65.71759381576173,190.87739294513653
251,2019-09-19 14:45:00,95.92811257665198,51.6098536962254,158.27668165944414,96.21787433713594,51.849950080205616,158.82748211584945
252,2019-09-19 15:00:00,79.21633799882693,37.501159052641015,124.61393718892234,79.21707010179074,37.506117286468715,124.64557921258859
253,2019-09-19 15:15:00,74.30827312281508,35.55667410176284,117.62899295344062,74.39071184888427,35.58519379788959,117.71611283198271
254,2019-09-19 15:30:00,69.40020824680323,33.61218915088466,110.43615913959079,69.40301675491156,33.617717572008615,110.47271730986337
255,2019-09-19 15:45:00,64.49214337079138,31.667704200006483,103.4459356012486,64.5725584592661,31.69561482330805,103.52835302337269
256,2019-09-19 16:00:00,59.58407849477954,29.723219249128302,96.25824702347016,59.58885921391064,29.729287984881196,96.29930163720235
257,2019-09-19 16:15:00,55.98751608563634,28.18976678786657,90.76967801868967,56.04378966434339,28.210156018947533,90.82235325535476
258,2019-09-19 16:30:00,52.390953676493154,26.656314326604843,85.15113262316353,52.397042980344395,26.662724796699962,85.19467662262936
259,2019-09-19 16:45:00,48.794391267349965,25.12286186534311,79.65926283556202,48.849389516315995,25.14287596240642,79.70956748984085
260,2019-09-19 17:00:00,45.19782885820677,23.58940940408138,74.04393439850882,45.205161081926555,23.59614344902225,74.08973460211362
261,2019-09-19 17:15:00,43.54645889992389,23.37271440955556,72.25272674669107,43.5672904483789,23.370133932587997,72.23833630057344
262,2019-09-19 17:30:00,41.895088941641006,23.15601941502973,70.45325362245204,41.90276422282985,23.162514535733884,70.497668680049
263,2019-09-19 17:45:00,40.24371898335812,22.939324420503908,68.66183442684331,40.26421619244141,22.936970872349452,68.64879761113573
264,2019-09-19 18:00:00,38.59234902507524,22.722629425978084,66.86256743260415,38.6003501490909,22.728897423296683,66.90565966847215
265,2019-09-19 18:15:00,39.99726648958404,24.783144373925097,70.93645817083004,39.96566664632621,24.742549181842456,70.82565847416515
266,2019-09-19 18:30:00,41.402183954092834,26.84365932187211,75.18111197696413,41.40917870128065,26.848768450577335,75.21742205518724
267,2019-09-19 18:45:00,42.80710141860163,28.904174269819123,79.2593347865443,42.77648237718222,28.864765101811155,79.15507228475657
268,2019-09-19 19:00:00,44.21201888311043,30.964689217766136,83.49976642149285,44.21805775351371,30.96869887798344,83.52977620631016
269,2019-09-19 19:15:00,42.05792143752751,29.14970676361645,79.23977481481509,42.08853065887379,29.176874357390837,79.28246712411644
270,2019-09-19 19:30:00,39.90382399194459,27.334724309466765,74.88551278497177,39.91048726709209,27.33929571077444,74.91743585998363
271,2019-09-19 19:45:00,37.74972654636167,25.51974185531708,70.62312920682544,37.779727230921246,25.546312160244195,70.6639970879722
272,2019-09-19 20:00:00,35.59562910077875,23.704759401167397,66.27119845558474,35.60288544800684,23.709863183363137,66.30486037270713
273,2019-09-19 20:15:00,33.06103166480807,21.56204195529699,61.036656414665714,33.09690076347028,21.593578311513355,61.092247121253465
274,2019-09-19 20:30:00,30.526434228837388,19.419324509426588,55.693391055933375,30.534417710072724,19.425068490711272,55.729444564514424
275,2019-09-19 20:45:00,27.991836792866703,17.276607063556185,50.45609027870639,28.026997236131308,17.307460671958403,50.50939656591314
276,2019-09-19 21:00:00,25.45723935689602,15.133889617685782,45.11551365616022,25.46591348451503,15.140240285561203,45.15374830904408
277,2019-09-19 21:15:00,23.35614940997402,13.181534667006416,40.60093307870367,23.383292292962587,13.208523387019905,40.639908318007414
278,2019-09-19 21:30:00,21.25505946305202,11.229179716327051,36.00910425593801,21.264202935960366,11.236026408619287,36.048662222215796
279,2019-09-19 21:45:00,19.15396951613002,9.276824765647689,31.492563886467547,19.180654981270823,9.303276481201175,31.530282430739096
280,2019-09-19 22:00:00,17.052879569208017,7.324469814968325,26.90264513556313,17.062468835633855,7.331786363296539,26.943395705732048
281,2019-09-19 22:15:00,16.24262458967678,7.071687321354148,25.72685925343447,16.247006319693284,7.068925494646337,25.70699740388922
282,2019-09-19 22:30:00,15.432369610145544,6.818904827739971,24.581254086605206,15.441826537784397,6.825962607263854,24.61995955500473
283,2019-09-19 22:45:00,14.622114630614304,6.566122334125794,23.40623356868791,14.626625336300734,6.563605788368113,23.38835208968183
284,2019-09-19 23:00:00,13.811859651083068,6.313339840511617,22.25988244685347,13.821190880702378,6.320151619669915,22.296670308412903
285,2019-09-19 23:15:00,13.215467166149208,6.0319073476212,21.250697049020022,13.216477126309304,6.030107473338859,21.231884009919277
286,2019-09-19 23:30:00,12.619074681215352,5.750474854730783,20.274944021977078,12.628194442950452,5.757064626764083,20.30975881876564
287,2019-09-19 23:45:00,12.022682196281494,5.469042361840366,19.26660685777068,12.023898250306093,5.467451152311362,19.24970257754814
288,2019-09-20 00:00:00,11.426289711347636,5.187609868949949,18.290027118222646,11.435208616668321,5.1939885435104225,18.32299546960344
289,2019-09-20 00:15:00,10.531914733941449,4.610532383528152,16.664726907988772,10.538374946607519,4.614131999583145,16.660041449385215
290,2019-09-20 00:30:00,9.63753975653526,4.033454898106356,15.049761405743421,9.64639617925805,4.039755260933058,15.081601391484622
291,2019-09-20 00:45:00,8.743164779129074,3.45637741268456,13.424723385639624,8.749685886526807,3.4600375298062986,13.421133281437223
292,2019-09-20 01:00:00,7.848789801722887,2.879299927262764,11.809502345008973,7.857586877227903,2.8855254947203473,11.840279039023212
293,2019-09-20 01:15:00,7.386862313392157,2.6297949335657904,11.002064873146786,7.386114753050247,2.6279801450547606,10.985703649433619
294,2019-09-20 01:30:00,6.924934825061428,2.380289939868817,10.22934773033428,6.933489343351106,2.3863084099603413,10.258343990564766
295,2019-09-20 01:45:00,6.463007336730698,2.1307849461718438,9.422791314503893,6.462496169513253,2.129165165986751,9.408150544054527
296,2019-09-20 02:00:00,6.001079848399968,1.8812799524748696,8.649215473215708,6.009403981008409,1.887101511222354,8.67654936372364
297,2019-09-20 02:15:00,5.914542350586089,1.8299874537706275,8.517693733901952,5.907895873190881,1.8252053805315431,8.49327337049795
298,2019-09-20 02:30:00,5.82800485277221,1.7786949550663846,8.436670719991561,5.835948538233936,1.7842472023835176,8.461840774623015
299,2019-09-20 02:45:00,5.741467354958332,1.727402456362142,8.306430600690492,5.735191656431032,1.7228814656907732,8.284097615769781
300,2019-09-20 03:00:00,5.654929857144453,1.6761099576578995,8.224158493408984,5.662512186317733,1.6814063293279846,8.24731514085086
301,2019-09-20 03:15:00,5.255602367232314,1.548244960888041,7.627660694112603,5.254978116469702,1.545265098545225,7.615164180770943
302,2019-09-20 03:30:00,4.856274877320175,1.420379964118183,7.0637085649145535,4.863648653206704,1.425464931275765,7.085412432236133
303,2019-09-20 03:45:00,4.456947387408036,1.2925149673483245,6.468036519210271,4.456526389980945,1.2897376474628341,6.456942039430944
304,2019-09-20 04:00:00,4.057619897495897,1.164649970578466,5.903279587617016,4.064795585310815,1.1695340192052988,5.92363052861782
305,2019-09-20 04:15:00,3.9992498989704472,1.1639024705973495,5.809481189541572,3.9932454684531615,1.1591707376872682,5.791229821319769
306,2019-09-20 04:30:00,3.940879900444997,1.1631549706162332,5.760696051333291,3.9477206427625946,1.167795424869314,5.779308955072487
307,2019-09-20 04:45:00,3.8825099019195473,1.1624074706351166,5.668040029890409,3.876831904951256,1.1579131409375296,5.651463379255784
308,2019-09-20 05:00:00,3.8241399033940975,1.161659970654,5.61814150712069,3.8306625077974332,1.1660690150213928,5.635140919339584
309,2019-09-20 05:15:00,3.639934908047507,1.1152324718268574,5.343366444540338,3.6366988552820807,1.1117351042875174,5.331438003261358
310,2019-09-20 05:30:00,3.455729912700917,1.0688049729997149,5.103472604447207,3.4620045209788626,1.073013097828726,5.119150157686941
311,2019-09-20 05:45:00,3.2715249173543266,1.022377474172572,4.829582707932563,3.268530558404747,1.0190746632193184,4.81892769218416
312,2019-09-20 06:00:00,3.0873199220077363,0.9759499753454292,4.5888261643164086,3.0933589786191926,0.9799671987198407,4.603277119229428
313,2019-09-20 06:15:00,2.938492425767435,0.9041424771594392,4.320108827030836,2.935128268355938,0.9014530708898298,4.310561984627911
314,2019-09-20 06:30:00,2.7896649295271345,0.8323349789734493,4.083201338762014,2.7954650228669458,0.8361813273023065,4.0965071901628285
315,2019-09-20 06:45:00,2.6408374332868334,0.7605274807874594,3.8152913074079473,2.6377061663887673,0.7580026516187253,3.8068469274722
316,2019-09-20 07:00:00,2.4920099370465323,0.6887199826014694,3.577597001971623,2.4975830583045133,0.6924039534589616,3.5898416057698
317,2019-09-20 07:15:00,2.395209939491906,0.6513974835443149,3.408802493002338,2.3914184290025506,0.6484465733199329,3.399718634133928
318,2019-09-20 07:30:00,2.29840994193728,0.6140749844871605,3.2716004422683413,2.3037450804124986,0.6175903707042811,3.2827712325997114
319,2019-09-20 07:45:00,2.2016099443826533,0.576752485430006,3.1036077261632093,2.1980503688349473,0.5739648657049929,3.095556938718435
320,2019-09-20 08:00:00,2.104809946828027,0.5394299863728516,2.965624231516408,2.1099190445093132,0.5427851949121185,2.975801316752906
321,2019-09-20 08:15:00,2.072024947656246,0.51806248691264,2.883516640405454,2.067601129191546,0.5151605188116182,2.8749839748197132
322,2019-09-20 08:30:00,2.0392399484844645,0.4966949874524285,2.83258817753063,2.0441067867824168,0.49989139803861016,2.8417647659665786
323,2019-09-20 08:45:00,2.0064549493126838,0.475327487992217,2.751271935923881,2.0022672337092304,0.47257970919773334,2.7437010586969373
324,2019-09-20 09:00:00,1.9736699501409016,0.4539599885320055,2.6995722086340748,1.9783066856443965,0.45700552966544755,2.7078243974092095
325,2019-09-20 09:15:00,1.894504952140778,0.4393374889014009,2.5822595167996236,1.8913272596907273,0.43662226353330735,2.576197523543095
326,2019-09-20 09:30:00,1.815339954140654,0.4247149892707964,2.4917524957768182,1.8197781020904409,0.4276143998594304,2.4991893930785523
327,2019-09-20 09:45:00,1.7361749561405302,0.4100924896401918,2.375120090675199,1.7331908045514903,0.4075192920454035,2.36984124762279
328,2019-09-20 10:00:00,1.6570099581404063,0.3954699900095873,2.283950047594651,1.6612594836706036,0.3982305695943836,2.290634830206038
329,2019-09-20 10:15:00,1.6100399593269683,0.384994990274208,2.207350848568592,1.6066941904158691,0.38248666366416084,2.20212899499924
330,2019-09-20 10:30:00,1.5630699605135303,0.3745199905388288,2.156153418075947,1.5671264673158365,0.37714695611264937,2.1621076052745405
331,2019-09-20 10:45:00,1.5160999617000923,0.3640449908034495,2.0801989073978717,1.5129423063443983,0.3616666062471133,2.0756782546459736
332,2019-09-20 11:00:00,1.4691299628866543,0.3535699910680702,2.028373150571373,1.4730031366512093,0.3560700189549051,2.033654510614233
333,2019-09-20 11:15:00,1.432529963811248,0.3454674912727565,1.9687577646755199,1.429375294372849,0.34317247525935235,1.9646169633159405
334,2019-09-20 11:30:00,1.395929964735842,0.337364991477443,1.9324879771219219,1.399624540374237,0.33974344162630665,1.9371364019247703
335,2019-09-20 11:45:00,1.3593299656604358,0.3292624916821294,1.873465102261759,1.356349355645533,0.32708575141678764,1.8699311966054806
336,2019-09-20 12:00:00,1.3227299665850296,0.3211599918868157,1.8366178416333443,1.3262549061608337,0.3234229401950123,1.8406844966856815
337,2019-09-20 12:15:00,1.2933349673276098,0.3157174920243049,1.7888632949280105,1.2903976156277803,0.31360818397012374,1.7857061245078674
338,2019-09-20 12:30:00,1.26393996807019,0.310274992161794,1.7625027863741392,1.2673006818544958,0.3124271091369283,1.7660251513419016
339,2019-09-20 12:45:00,1.23454496881277,0.3048324922992832,1.7152912236463282,1.231767669444989,0.3028310587660159,1.712655385709967
340,2019-09-20 13:00:00,1.20514996955535,0.2993899924367723,1.6884015121657447,1.2083546984072018,0.30143681827061103,1.6914246879637305
341,2019-09-20 13:15:00,1.182339970131579,0.2963774925128745,1.651018120699485,1.1796031288771076,0.2944374962932054,1.648702850409873
342,2019-09-20 13:30:00,1.1595299707078082,0.2933649925889766,1.633239486511844,1.1625837068216613,0.2953107841197701,1.6357963491173928
343,2019-09-20 13:45:00,1.1367199712840372,0.2903524926650787,1.596353669967318,1.1341302855988495,0.28851088875681574,1.5944844974159815
344,2019-09-20 14:00:00,1.1139099718602663,0.2873399927411809,1.5780900894974463,1.1168202920598291,0.28918980178472353,1.5802203444570337
345,2019-09-20 14:15:00,1.192352469878642,0.2924824926112704,1.6522787727935146,1.1881871400292146,0.29059663714715256,1.648949597019346
346,2019-09-20 14:30:00,1.270794967897018,0.2976249924813599,1.7478157119390776,1.2735254750581246,0.29938024129955115,1.7494471451002795
347,2019-09-20 14:45:00,1.3492374659153938,0.3027674923514494,1.8225463178519894,1.3452473795272706,0.3009739427790629,1.8196941759885905
348,2019-09-20 15:00:00,1.4276799639337696,0.307909992221539,1.9175550910456474,1.4302396810843545,0.3095754144513828,1.9187304939395584
349,2019-09-20 15:15:00,1.4953974622230817,0.3787699904314648,2.0618698320685205,1.4917555280543322,0.3759543089190822,2.058287045346722
350,2019-09-20 15:30:00,1.5631149605123935,0.4496299886413907,2.2272799387610376,1.5655170754978833,0.4511828685828527,2.227978554247701
351,2019-09-20 15:45:00,1.6308324588017056,0.5204899868513165,2.3721300560720318,1.6273441216643916,0.5177859401421427,2.3690029375916266
352,2019-09-20 16:00:00,1.6985499570910176,0.5913499850612424,2.5370183737490777,1.7008023783965278,0.5927960015018564,2.537281675716592
353,2019-09-20 16:15:00,1.624099958971783,0.5641649857479932,2.427043904313925,1.6231661069714451,0.563222803421937,2.4286444993084566
354,2019-09-20 16:30:00,1.5496499608525482,0.5369799864347441,2.3280765365363587,1.5518214095999883,0.5383651329459771,2.328187828659461
355,2019-09-20 16:45:00,1.4751999627333134,0.509794987121495,2.218381406812337,1.4743450255406487,0.5089113872114458,2.220125443549271
356,2019-09-20 17:00:00,1.4007499646140789,0.4826099878082457,2.119141788462307,1.4028445040107647,0.4839372903214499,2.1191178701804287
357,2019-09-20 17:15:00,1.3402899661414267,0.4616299883382451,2.0222276929753447,1.3392729658345168,0.4606972327555246,2.0238876714307183
358,2019-09-20 17:30:00,1.2798299676687748,0.4406499888682446,1.9359201809106212,1.2818454337076055,0.4419197525625019,1.9357597967193163
359,2019-09-20 17:45:00,1.2193699691961228,0.4196699893982439,1.8392752673384516,1.2184300327609237,0.4187927396818036,1.8410637088984436
360,2019-09-20 18:00:00,1.158909970723471,0.3986899899282433,1.7527054048786894,1.1608503313097938,0.3999050784179608,1.7524242422935457
361,2019-09-20 18:15:00,1.1405899711862728,0.3919574900983206,1.7181716389667416,1.1390092975030572,0.39089234621978486,1.7190288786288885
362,2019-09-20 18:30:00,1.122269971649075,0.3852249902683978,1.695093072021494,1.1241208524185429,0.38638222426608704,1.6946472939710753
363,2019-09-20 18:45:00,1.103949972111877,0.378492490438475,1.6608500505844856,1.1024565043007004,0.3774835508539564,1.6618628256866579
364,2019-09-20 19:00:00,1.0856299725746792,0.3717599906085523,1.6374881185696262,1.0873958636293113,0.37286225941752127,1.6368955304699908
365,2019-09-20 19:15:00,1.067309973037481,0.3658024907590514,1.606190681980494,1.065899335102997,0.3648338513099265,1.6072968037293496
366,2019-09-20 19:30:00,1.0489899735002834,0.3598449909095504,1.5852548536311495,1.0506751396285383,0.36089471839026344,1.584530311955821
367,2019-09-20 19:45:00,1.0306699739630856,0.3538874910600496,1.5542204037425214,1.02933800949763,0.35296989858776645,1.555450695190912
368,2019-09-20 20:00:00,1.0123499744258877,0.3479299912105487,1.5330282635420105,1.0139584664089096,0.3489298014311987,1.532187026140929
369,2019-09-20 20:15:00,1.130044971452662,0.4055699897544398,1.7334527319521613,1.1264833723923877,0.4036268646966374,1.730887930620635
370,2019-09-20 20:30:00,1.247739968479436,0.4632099882983309,1.9498981066684928,1.2492170732721426,0.4641360393719796,1.948742650562591
371,2019-09-20 20:45:00,1.36543496550621,0.5208499868422221,2.1507292412059016,1.3620014147020554,0.5189803333182411,2.1484638311871715
372,2019-09-20 21:00:00,1.4831299625329843,0.5784899853861132,2.3667782724151465,1.4844822731516478,0.5793460069166595,2.365337702459012
373,2019-09-20 21:15:00,1.5217324615578034,0.6371399839044896,2.4845061170286704,1.5197605152426128,0.63532311010797,2.483922030354019
374,2019-09-20 21:30:00,1.5603349605826224,0.6957899824228659,2.614076882311908,1.5616027920741744,0.6965790992283977,2.6124580076355635
375,2019-09-20 21:45:00,1.5989374596074413,0.7544399809412423,2.732105261488284,1.597047845556752,0.7526899255909478,2.731689887403384
376,2019-09-20 22:00:00,1.6375399586322603,0.8130899794596187,2.8613831188114847,1.6387275501638399,0.813815578975812,2.8596047518942864
377,2019-09-20 22:15:00,1.5452399609639542,0.7559949809019597,2.6855194034966585,1.5456462922122092,0.756263120975253,2.690222672970088
378,2019-09-20 22:30:00,1.4529399632956483,0.6988999823443007,2.5121009023480263,1.4541077007100234,0.6996132106914433,2.5104454320267986
379,2019-09-20 22:45:00,1.3606399656273425,0.6418049837866417,2.3362992537870344,1.3610656464414015,0.6420836157617099,2.3408816916735242
380,2019-09-20 23:00:00,1.2683399679590364,0.5847099852289828,2.162820261325759,1.2694888475368755,0.5854114215675975,2.1612835832868975
381,2019-09-20 23:15:00,1.2228799691074526,0.5595049858657146,2.07650545309147,1.2225304672786106,0.5592549932581133,2.079460871857332
382,2019-09-20 23:30:00,1.1774199702558688,0.5342999865024465,1.9950277403417755,1.1785307715636357,0.5349769758899335,1.9935231668543902
383,2019-09-20 23:45:00,1.131959971404285,0.5090949871391784,1.9088357043153397,1.131647580164893,0.5088681309287801,1.9117577584399432
384,2019-09-21 00:00:00,1.0864999725527011,0.4838899877759103,1.8272383354946848,1.0875746063600347,0.4845437355795238,1.8257683021934157
385,2019-09-21 00:15:00,1.0931474723847712,1.635367458687142,2.9945935026224717,1.0919875265206904,1.615290983359969,2.976312234445401
386,2019-09-21 00:30:00,1.0997949722168414,2.7868449295983737,4.207312146448234,1.1008128187950712,2.7869893357246642,4.204650166519171
387,2019-09-21 00:45:00,1.1064424720489114,3.938322400509605,5.3758168061284115,1.1053378702837429,3.9187739447294847,5.358677878138279
388,2019-09-21 01:00:00,1.1130899718809817,5.089799871420837,6.587415085114571,1.1140538808163163,5.089461213996384,6.583658622920744
389,2019-09-21 01:15:00,1.1989024697131754,4.52329238573202,6.107651042320553,1.1965092248839897,4.5332593269826775,6.119414507133835
390,2019-09-21 01:30:00,1.2847149675453693,3.9567849000432034,5.614158084436888,1.285593561348556,3.956699532482433,5.611026619627626
391,2019-09-21 01:45:00,1.370527465377563,3.3902774143543866,5.134046803330317,1.368217367572573,3.399981944999829,5.145206967099142
392,2019-09-21 02:00:00,1.456339963209757,2.8237699286655698,4.640892301305939,1.4571375229987122,2.823924787397297,4.6383431391226075
393,2019-09-21 02:15:00,1.361067465616543,2.583829934726964,4.288536548407634,1.3619042767218457,2.5877697802461754,4.296971650191503
394,2019-09-21 02:30:00,1.2657949680233285,2.343889940788358,3.928625906663541,1.2665935253034553,2.344137389390789,3.9264825800618204
395,2019-09-21 02:45:00,1.1705224704301145,2.1039499468497525,3.5760787692678493,1.1713583093934246,2.1077929673754445,3.584121548040098
396,2019-09-21 03:00:00,1.0752499728369,1.864009952911147,3.216354663765874,1.076049477554038,1.864345193183172,3.2145905717785714
397,2019-09-21 03:15:00,1.0552499733421423,1.73874245607567,3.062016380608495,1.054809625518534,1.7405567618261069,3.06634221952214
398,2019-09-21 03:30:00,1.035249973847385,1.6134749592401931,2.907203912740767,1.0360179702718506,1.6138459489698718,2.905602097012701
399,2019-09-21 03:45:00,1.0152499743526275,1.4882074624047164,2.7528538165499397,1.0148403341034813,1.489983488712223,2.757021689434543
400,2019-09-21 04:00:00,0.99524997485787,1.3629399655692396,2.598052867525347,0.9959880440774833,1.3633448294784385,2.596604821749828
401,2019-09-21 04:15:00,0.9815174752047822,1.275429967779928,2.489105213307552,0.9810308179094631,1.2765319012473446,2.492356464039956
402,2019-09-21 04:30:00,0.9677849755516944,1.1879199699906169,2.3811982070439974,0.9684919208753542,1.1883412918365797,2.3798516281958637
403,2019-09-21 04:45:00,0.9540524758986064,1.1004099722013052,2.2722771106578894,0.9535961515496797,1.1014934645948276,2.275429016289585
404,2019-09-21 05:00:00,0.9403199762455186,1.0128999744119938,2.1643442243100406,0.9409973594719968,1.013336870143343,2.1630949110397575
405,2019-09-21 05:15:00,0.9295499765175916,0.9543499758910912,2.0890040854123306,0.9290722724597933,0.9549268181313995,2.091494080804864
406,2019-09-21 05:30:00,0.9187799767896648,0.8957999773701886,2.015667616095376,0.919428005857468,0.8962396152903335,2.014479188306735
407,2019-09-21 05:45:00,0.908009977061738,0.8372499788492859,1.9403784188371478,0.9075608811872731,0.8378225425758629,1.9428082107886595
408,2019-09-21 06:00:00,0.897239977333811,0.7786999803283833,1.8669923030276196,0.8978601252361991,0.7791421825909719,1.8658633920444458
409,2019-09-21 06:15:00,0.8885024775545388,0.7411374812772918,1.8173651221219411,0.8880461197764705,0.7413515070939292,1.8193035298766418
410,2019-09-21 06:30:00,0.8797649777752665,0.7035749822262003,1.7703136531080585,0.8803577685082103,0.7040108892972142,1.7692189444199036
411,2019-09-21 06:45:00,0.8710274779959943,0.6660124831751089,1.7207518920433433,0.8705977821613872,0.6662316145282297,1.722655859108082
412,2019-09-21 07:00:00,0.8622899782167222,0.6284499841240174,1.6736366647725898,0.862856784564455,0.6288798848033154,1.6725766010698857
413,2019-09-21 07:15:00,0.8552824783937465,0.603024984766307,1.63847525693721,0.854848797019952,0.6030439644791561,1.640102266317622
414,2019-09-21 07:30:00,0.8482749785707708,0.5775999854085965,1.6061004831675314,0.8488163595885482,0.578019128107598,1.6050614274778716
415,2019-09-21 07:45:00,0.8412674787477951,0.552174986050886,1.5710098259976968,0.8408585765716854,0.5522037539213435,1.5726151647105766
416,2019-09-21 08:00:00,0.8342599789248194,0.5267499866931755,1.5385660978755622,0.8347772104570648,0.5271588918805468,1.5375493283859758
417,2019-09-21 08:15:00,0.8294299790468355,0.5084024871566724,1.5128487295866244,0.8290077215364747,0.5083210124841577,1.5142740523992824
418,2019-09-21 08:30:00,0.8245999791688516,0.4900549876201692,1.4899545501723852,0.8250933355266354,0.49045121905171707,1.4889519655850492
419,2019-09-21 08:45:00,0.8197699792908677,0.4717074880836661,1.464308848760349,0.8193709902166993,0.47163786292157606,1.4657191357024562
420,2019-09-21 09:00:00,0.8149399794128838,0.4533599885471629,1.4413448217428466,0.815410658653744,0.453744167438988,1.4403580717143525
421,2019-09-21 09:15:00,0.8103724795282685,0.441124988856245,1.4222095207263183,0.8099911440153099,0.44096338103727367,1.4234944278725217
422,2019-09-21 09:30:00,0.8058049796436533,0.428889989165327,1.4058341769578506,0.8062540066885128,0.42926017457198307,1.4048583622627482
423,2019-09-21 09:45:00,0.8012374797590381,0.4166549894744091,1.3867689270225165,0.8008772461962195,0.4165066851053224,1.3880419928371515
424,2019-09-21 10:00:00,0.7966699798744229,0.4044199897834912,1.370325310159069,0.7970984412316406,0.4047768731828335,1.369362189816955
425,2019-09-21 10:15:00,0.7923824799827343,0.3973499899620945,1.3568246310755292,0.7920375457252194,0.39712708958575776,1.3579913507354964
426,2019-09-21 10:30:00,0.7880949800910455,0.3902799901406978,1.3459958726587105,0.7885037871953748,0.39062208967882645,1.3450415819238344
427,2019-09-21 10:45:00,0.7838074801993569,0.383209990319301,1.3325630019292782,0.7834817007224691,0.38300130540234295,1.333719970516933
428,2019-09-21 11:00:00,0.7795199803076682,0.3761399904979043,1.3216681560119983,0.7799101194105753,0.37646804077699964,1.3207244854107945
429,2019-09-21 11:15:00,0.7755099804089693,0.3712874906204887,1.3108825454421962,0.7751976931318351,0.371054856469265,1.3119844565165957
430,2019-09-21 11:30:00,0.7714999805102705,0.3664349907430732,1.3025910361430646,0.771872268896874,0.3667487713884212,1.301657063720954
431,2019-09-21 11:45:00,0.7674899806115717,0.3615824908656576,1.2918687180757238,0.7671950904116386,0.3613636317896431,1.2929601077711685
432,2019-09-21 12:00:00,0.7634799807128728,0.3567299909882421,1.2835155224442765,0.7638353141330765,0.3570302124200847,1.282592846623244
433,2019-09-21 12:15:00,0.7596199808103846,0.353027491081775,1.2742363629980011,0.7593390734078956,0.35280229368496985,1.2752923704773358
434,2019-09-21 12:30:00,0.7557599809078964,0.349324991175308,1.2672509935813299,0.7560991455810979,0.34961185208107576,1.2663397041062041
435,2019-09-21 12:45:00,0.7518999810054082,0.345622491268841,1.2580300417964316,0.7516348314545964,0.3454102144086584,1.2590739683659276
436,2019-09-21 13:00:00,0.74803998110292,0.341919991362374,1.2509879418110554,0.7483637883777129,0.3421941574861453,1.2500893852703636
437,2019-09-21 13:15:00,0.7444549811934847,0.3390474914349395,1.243003605041615,0.7442001397264452,0.33883346935635195,1.2440142375139498
438,2019-09-21 13:30:00,0.7408699812840494,0.3361749915075049,1.237125830968258,0.7411790833956774,0.33643675160214237,1.2362400622229714
439,2019-09-21 13:45:00,0.7372849813746141,0.3333024915800704,1.2291949498351693,0.737044471369376,0.3331004824837343,1.2301922157005285
440,2019-09-21 14:00:00,0.7336999814651788,0.3304299916526359,1.2232650766064865,0.73399511631952,0.33067996429328683,1.2223932157094797
441,2019-09-21 14:15:00,0.7306624815419125,0.3280124917137071,1.216443012871471,0.730426308123722,0.32781420874428036,1.2174079977092622
442,2019-09-21 14:30:00,0.7276249816186462,0.3255949917747782,1.2115551865696457,0.7279066143701164,0.3258335761862715,1.2106971910845303
443,2019-09-21 14:45:00,0.72458748169538,0.3231774918358494,1.2047822055851487,0.724364467251991,0.3229902423101109,1.2057328473457696
444,2019-09-21 15:00:00,0.7215499817721137,0.3207599918969206,1.1998465420482134,0.7218187899569607,0.32098775605841673,1.1990033341714543
445,2019-09-21 15:15:00,0.7187149818437318,0.3186799919494658,1.1937110539950555,0.7185010353108728,0.3184975226430734,1.1946365168881665
446,2019-09-21 15:30:00,0.7158799819153499,0.316599992002011,1.189338853663163,0.7161365218856838,0.3168173357280967,1.1885106711752254
447,2019-09-21 15:45:00,0.713044981986968,0.3145199920545563,1.1832481101251597,0.7128429918972776,0.3143476221702264,1.184158172611622
448,2019-09-21 16:00:00,0.7102099820585861,0.3124399921071015,1.1788323007007147,0.7104548694340707,0.3126474352007147,1.178019864962621
449,2019-09-21 16:15:00,0.7076649821228782,0.3116574921268691,1.1743972345133613,0.7074694353339859,0.31147280310649933,1.1752639883905494
450,2019-09-21 16:30:00,0.7051199821871703,0.3108749921466367,1.1716061640530049,0.7053536768376348,0.31107249113554664,1.1708085015732788
451,2019-09-21 16:45:00,0.7025749822514624,0.3100924921664044,1.1672128137231867,0.7023903437475909,0.3099174738888254,1.1680644640846563
452,2019-09-21 17:00:00,0.7000299823157545,0.309309992186172,1.164381085934332,0.7002530458927421,0.3094980439478724,1.163598830985465
453,2019-09-21 17:15:00,0.6983899823571844,0.3087574922001292,1.161185644569104,0.6982003722892954,0.3085877761802178,1.1620020476491968
454,2019-09-21 17:30:00,0.6967499823986143,0.3082049922140866,1.1595115283644724,0.696962558726874,0.3083839735321338,1.1587440783079823
455,2019-09-21 17:45:00,0.6951099824400442,0.3076524922280439,1.156354690949609,0.6949305931091074,0.3074916017291636,1.1571560122345894
456,2019-09-21 18:00:00,0.6934699824814741,0.3070999922420012,1.1546429503805817,0.6936725978117106,0.3072703564516599,1.1538908354644672
457,2019-09-21 18:15:00,0.6964524824061298,0.3060774922678317,1.1556374055682177,0.6962044867407003,0.30593292270525385,1.1563536739701579
458,2019-09-21 18:30:00,0.6994349823307855,0.3050549922936623,1.1581435071131403,0.6996261463128447,0.30521736467297966,1.1574030604628154
459,2019-09-21 18:45:00,0.7024174822554412,0.3040324923194929,1.1591763271557356,0.7021806469258163,0.30389568409755097,1.1598805749708536
460,2019-09-21 19:00:00,0.7053999821800969,0.3030099923453235,1.1616450375296168,0.7055802694432457,0.3031647719489502,1.1609169384188733
461,2019-09-21 19:15:00,0.703627482224874,0.302824992349997,1.1589132153384576,0.7034818062083661,0.3026814129888812,1.1596690049311842
462,2019-09-21 19:30:00,0.7018549822696512,0.3026399923546704,1.1574141934746662,0.7020269858489921,0.3027872114806744,1.1567028645040993
463,2019-09-21 19:45:00,0.7000824823144284,0.3024549923593439,1.1547136525000705,0.6999448794690057,0.30231877688227576,1.1554525684978385
464,2019-09-21 20:00:00,0.6983099823592055,0.3022699923640174,1.1531841431549137,0.6984741179304375,0.30241002907189807,1.1524897752089587
465,2019-09-21 20:15:00,0.6969299823940671,0.3021299923675541,1.1509684063861974,0.696793397889611,0.30200001234085044,1.1516826037335126
466,2019-09-21 20:30:00,0.6955499824289288,0.3019899923710908,1.1498796591545548,0.6957064758202678,0.30212318717539316,1.1492019401901954
467,2019-09-21 20:45:00,0.6941699824637906,0.3018499923746275,1.1476925191858534,0.6940408459290027,0.3017266770947991,1.148390006361533
468,2019-09-21 21:00:00,0.6927899824986522,0.3017099923781642,1.1465759007856533,0.6929392171950959,0.3018366874253479,1.1459149393786008
469,2019-09-21 21:15:00,0.6915574825297878,0.3016049923808167,1.1446153347499135,0.6914329212865535,0.3014874172954983,1.1452926625300153
470,2019-09-21 21:30:00,0.6903249825609233,0.3014999923834692,1.1436777536816298,0.6904672592988064,0.30162049821230935,1.143033417451303
471,2019-09-21 21:45:00,0.6890924825920589,0.3013949923861216,1.1417431455143805,0.6889747024852331,0.30128344685598046,1.1424038308904516
472,2019-09-21 22:00:00,0.6878599826231945,0.3012899923887742,1.140780265250685,0.6879956505532514,0.30140461852161426,1.140152577091756
473,2019-09-21 22:15:00,0.6868474826487724,0.3014724923841638,1.1393867318327529,0.6867324161701166,0.3013618194846064,1.1400220532981464
474,2019-09-21 22:30:00,0.6858349826743503,0.3016549923795535,1.1389331886940925,0.6859642787070461,0.30176391380680606,1.1383216203502204
475,2019-09-21 22:45:00,0.6848224826999282,0.3018374923749431,1.1375635070487677,0.6847136261900167,0.3017323846763003,1.1381827142374592
476,2019-09-21 23:00:00,0.6838099827255061,0.3020199923703328,1.1370867173655776,0.6839332266029927,0.30212349457792365,1.1364912476793774
477,2019-09-21 23:15:00,0.6828924827486841,0.3021849923661645,1.13583337844239,0.6827879151050762,0.30208546715088425,1.13643493000696
478,2019-09-21 23:30:00,0.6819749827718622,0.3023499923619963,1.135430787279874,0.6820924372898526,0.30244835380182344,1.1348512729208335
479,2019-09-21 23:45:00,0.6810574827950402,0.3025149923578281,1.1341990357874652,0.680958557386309,0.30242048221119006,1.134784671636228
480,2019-09-22 00:00:00,0.6801399828182183,0.3026799923536598,1.133775404969174,0.6802519384870832,0.3027734702903562,1.1332117584672958
